{"benchmark":"01_addTodos","type":"cpu","min":1288.638,"max":1360.073,"mean":1324.3555000000001,"median":1324.3555000000001,"geometricMean":1323.8737668577016,"standardDeviation":50.51217291406114,"values":[1288.638,1360.073]}