{"benchmark":"01_addTodos","type":"cpu","min":604.256,"max":655.693,"mean":629.9456666666667,"median":630.901,"geometricMean":629.804749410493,"standardDeviation":13.779326718295195,"values":[630.125,624.618,615.354,642.044,655.693,633.767,631.22,604.256,638.444,630.046,648.912,609.039,622.47,632.296,630.901]}