{"benchmark":"02_deleteTodos","type":"cpu","min":668.567,"max":733.95,"mean":702.7586,"median":696.883,"geometricMean":702.4914672957296,"standardDeviation":20.09278301423531,"values":[733.95,693.794,698.973,668.567,724.65,733.524,692.741,696.883,682.888,716.326,682.54,688.315,707,694.535,726.693]}