{"benchmark":"03_reorderTodos","type":"cpu","min":852.576,"max":1105.142,"mean":995.3073333333334,"median":997.388,"geometricMean":993.3618527071511,"standardDeviation":63.74444112869392,"values":[931.069,970.754,852.576,997.543,987.276,1025.668,974.698,1051.473,997.388,920.442,988.471,1009.799,1083.747,1105.142,1033.564]}