{
  "benchmark": "01_addTodos",
  "type": "cpu",
  "min": 1277.966,
  "max": 1458.311,
  "mean": 1363.5163333333335,
  "median": 1366.923,
  "geometricMean": 1362.6291652350521,
  "standardDeviation": 50.9416729570856,
  "values": [
    1320.67,
    1376.84,
    1366.923,
    1347.486,
    1277.966,
    1369.3,
    1402.326,
    1294.574,
    1417.712,
    1376.881,
    1432.238,
    1344.565,
    1360.392,
    1306.561,
    1458.311
  ]
}
