{
  "benchmark": "01_addTodos",
  "type": "cpu",
  "min": 997.52,
  "max": 1195.634,
  "mean": 1102.6255333333334,
  "median": 1096.92,
  "geometricMean": 1101.3219682872511,
  "standardDeviation": 55.674323027338026,
  "values": [
    1101.434,
    1144.558,
    1046.447,
    1057.924,
    1072.865,
    1195.634,
    1097.486,
    1184.645,
    1093.317,
    997.52,
    1190.837,
    1096.92,
    1104.266,
    1079.269,
    1076.261
  ]
}
